CustomerID,Monetary,TimeSpent
12347.0,2540.29,420
12348.0,367.0,1
12350.0,334.4,1
12352.0,456.0799999999999,66
12355.0,459.4,1
12356.0,481.46000000000004,1
12357.0,6207.67,1
12358.0,1168.06,116
12359.0,3404.48,292
12362.0,2135.79,213
12363.0,299.1,1
12364.0,310.32,1
12367.0,168.9,1
12370.0,938.39,1
12371.0,1527.96,1
12372.0,515.7,1
12373.0,364.6,1
12375.0,228.22,152
12378.0,4008.62,1
12379.0,-1.95,1
12380.0,607.5500000000001,1
12381.0,1845.31,211
12383.0,750.61,117
12384.0,585.27,33
12386.0,401.9,293
12388.0,334.95000000000005,63
12393.0,884.1,89
12394.0,1272.48,34
12395.0,1759.68,632
12397.0,1195.09,1
12399.0,820.6,93
12401.0,84.3,1
12406.0,1486.7,1
12407.0,719.06,1
12408.0,1352.45,176
12409.0,6207.08,1
12410.0,681.0799999999999,214
12413.0,609.5,235
12414.0,319.61,123
12415.0,43977.36,269
12417.0,1502.18,222
12420.0,600.39,1
12422.0,147.7,1
12423.0,538.72,249
12427.0,586.08,577
12428.0,6518.41,309
12429.0,1281.5,1
12431.0,3032.05,695
12433.0,9033.92,607
12434.0,-13.2,1
12436.0,509.01,1
12437.0,2040.81,301
12441.0,173.55,1
12442.0,172.06,1
12444.0,1636.08,63
12447.0,476.49,1
12449.0,2724.58,212
12450.0,96.0,1
12451.0,4927.87,4
12455.0,477.46000000000004,93
12457.0,-24.200000000000003,304
12461.0,826.88,58
12462.0,717.33,52
12463.0,344.57,1
12464.0,213.89999999999998,1
12465.0,-8.3,1
12468.0,508.95000000000005,1
12471.0,9867.74,666
12472.0,1611.4,606
12473.0,636.19,278
12474.0,1045.94,542
12476.0,169.29999999999998,126
12477.0,3317.81,304
12478.0,680.99,1
12479.0,-49.9,30
12480.0,1952.93,132
12481.0,2064.77,292
12483.0,1107.6100000000001,268
12484.0,1970.79,122
12489.0,334.93,1
12490.0,2463.06,205
12491.0,460.40000000000003,1
12492.0,136.82,1
12494.0,181.97,237
12500.0,693.48,211
12501.0,2169.39,1
12502.0,3021.07,94
12503.0,-1126.0,1
12504.0,449.4,1
12505.0,-4.5,1
12507.0,0.0,1
12508.0,275.19,1
12512.0,138.03,1
12516.0,583.2,1
12517.0,2047.69,277
12518.0,1207.16,89
12519.0,340.84,1
12520.0,987.42,1
12523.0,354.5,331
12524.0,2962.6,268
12526.0,797.38,94
12528.0,552.64,23
12530.0,1244.68,132
12532.0,349.83000000000004,1
12534.0,1089.18,1
12535.0,716.35,94
12536.0,4106.82,271
12538.0,363.95,1
12539.0,1715.85,1
12540.0,5047.38,302
12541.0,757.44,191
12544.0,355.7,213
12546.0,-20.0,1
12547.0,159.4,1
12552.0,120.0,1
12553.0,1356.57,331
12556.0,312.9,1
12557.0,8183.46,598
12558.0,1.0658141036401503e-14,180
12559.0,50.10000000000001,1
12560.0,697.7,1
12561.0,238.85,1
12562.0,1304.3700000000001,115
12565.0,-14.75,1
12567.0,4357.27,450
12569.0,2534.95,339
12571.0,248.35,1
12572.0,487.68,1
12576.0,1076.6299999999999,113
12577.0,399.51,1
12578.0,-7.6499999999999995,1
12580.0,415.7,1
12583.0,5093.2699999999995,697
12584.0,742.99,93
12585.0,-56.04,1
12586.0,-17.0,1
12587.0,144.0,1
12589.0,515.1800000000001,1
12590.0,9861.38,302
12592.0,437.6,56
12593.0,321.8,85
12594.0,850.83,239
12596.0,269.95,1
12597.0,784.57,57
12598.0,1179.92,308
12599.0,636.3,183
12600.0,884.02,608
12601.0,325.46,240
12602.0,153.12,1
12605.0,-7.5,1
12607.0,3.552713678800501e-15,61
12609.0,512.8,1
12610.0,935.2,183
12613.0,-125.4,1
12614.0,315.6,1
12615.0,1079.8,123
12616.0,449.75,125
12617.0,355.53,1
12619.0,449.16,186
12621.0,3368.99,448
12623.0,305.1,1
12625.0,897.7,277
12626.0,2380.61,186
12627.0,2441.14,122
12628.0,786.46,30
12633.0,411.08,305
12635.0,1689.18,94
12637.0,3630.15,182
12638.0,671.69,1
12643.0,3094.14,240
12644.0,477.91,1
12645.0,874.12,153
12646.0,615.28,1
12647.0,2260.07,545
12648.0,318.05,1
12649.0,355.2,418
12650.0,314.44,1
12651.0,114.0,1
12652.0,919.98,1
12654.0,171.23000000000002,1
12656.0,-68.45,119
12659.0,91.68,1
12662.0,1585.51,607
12664.0,2276.8,331
12665.0,-1.25,1
12667.0,620.13,1
12668.0,-63.97,80
12669.0,471.43,217
12670.0,1273.54,244
12673.0,389.62,1
12674.0,975.46,240
12676.0,800.15,217
12678.0,2073.52,32
12679.0,857.33,341
12680.0,361.83,57
12681.0,5368.29,483
12682.0,7288.08,636
12683.0,4089.02,449
12684.0,916.26,235
12685.0,2019.54,125
12686.0,89.14,1
12689.0,511.03,1
12691.0,479.5,28
12693.0,444.06,240
12694.0,439.5,1
12695.0,248.2,57
12697.0,223.68,1
12700.0,4867.99,174
12701.0,337.08,1
12703.0,-8.850000000000001,1
12704.0,1040.85,57
12705.0,2312.62,118
12708.0,731.42,508
12709.0,3833.87,485
12710.0,411.61,91
12712.0,2595.38,628
12713.0,848.55,1
12716.0,375.59000000000003,1
12717.0,980.98,95
12719.0,608.1,211
12720.0,3023.37,573
12721.0,1999.48,359
12722.0,302.92,1
12723.0,376.69,32
12724.0,363.14,202
12725.0,427.8,1
12726.0,1363.9,97
12727.0,1903.54,67
12728.0,252.54,1
12731.0,2688.7,389
12735.0,319.77,1
12736.0,234.0,1
12738.0,155.35,1
12739.0,975.54,1
12740.0,427.6,1
12744.0,2118.74,29
12747.0,2226.18,425
12748.0,13876.93,692
12749.0,3392.51,303
12750.0,275.88,1
12753.0,12670.39,263
12754.0,0.0,92
12755.0,2203.2,294
12757.0,2867.1,272
12758.0,1570.19,1
12759.0,444.8,1
12762.0,1436.93,1
12763.0,320.08,1
12766.0,2554.2000000000003,385
12772.0,892.47,1
12775.0,599.45,62
12778.0,255.93,58
12779.0,2219.24,417
12781.0,219.97,186
12782.0,194.65,10
12783.0,622.84,1
12785.0,305.71,272
12787.0,186.56,1
12789.0,91.85,1
12791.0,192.60000000000002,1
12793.0,545.48,537
12794.0,317.0,1
12797.0,254.03,1
12802.0,412.58,92
12808.0,483.65000000000003,420
12816.0,253.55,1
12817.0,166.04,1
12820.0,210.35000000000002,1
12821.0,92.72,1
12823.0,229.5,1
12824.0,397.12,1
12826.0,577.1,394
12827.0,212.4,89
12828.0,907.51,184
12829.0,207.25,1
12830.0,2258.56,210
12832.0,383.03,151
12834.0,312.38,1
12836.0,2161.73,312
12838.0,683.13,515
12839.0,2195.86,420
12840.0,1284.2,183
12841.0,2021.85,634
12842.0,310.73,1
12843.0,1282.36,213
12844.0,325.96000000000004,276
12849.0,346.39,1
12851.0,135.18,1
12853.0,-5.95,1
12854.0,401.82,1
12855.0,38.1,1
12856.0,866.46,272
12857.0,801.6,1
12865.0,981.38,1
12866.0,559.12,1
12867.0,1111.24,149
12868.0,1176.3400000000001,688
12870.0,-14.899999999999999,1
12872.0,378.53000000000003,1
12873.0,374.0,1
12875.0,293.76000000000005,1
12877.0,376.56,184
12879.0,140.5,1
12881.0,298.0,1
12882.0,471.84000000000003,1
12883.0,291.63,1
12884.0,309.05,1
12885.0,1158.27,120
12886.0,1351.09,209
12888.0,41.010000000000005,244
12891.0,289.0,123
12893.0,188.14,1
12897.0,128.8,1
12901.0,1244.28,302
12908.0,-114.0,1
12909.0,-14.850000000000001,1
12910.0,1286.6200000000001,176
12912.0,804.24,180
12913.0,1401.49,507
12915.0,199.65,1
12917.0,594.0,1
12919.0,676.82,329
12921.0,7300.7300000000005,692
12922.0,405.38,1
12923.0,176.97,1
12924.0,508.23,97
12925.0,325.74,1
12928.0,980.26,236
12929.0,105.1,249
12931.0,34133.56,246
12933.0,109.5,1
12935.0,343.78,1
12939.0,6397.92,146
12942.0,258.75,1
12943.0,-3.75,1
12944.0,317.56,1
12947.0,930.22,632
12948.0,660.6700000000001,66
12949.0,3000.87,249
12950.0,1531.4,180
12951.0,467.48,111
12952.0,292.78000000000003,182
12955.0,2505.06,212
12956.0,108.07,1
12957.0,961.7,88
12962.0,95.85000000000001,1
12963.0,630.45,122
12965.0,771.91,1
12967.0,902.25,569
12970.0,428.44,1
12971.0,3877.92,656
12976.0,738.6,1
12977.0,39.239999999999995,1
12980.0,3869.8500000000004,300
12981.0,185.04,1
12982.0,390.54,1
12985.0,1215.6200000000001,90
12987.0,-13.7,1
12989.0,2900.11,423
12990.0,409.5,189
12993.0,197.1,1
12994.0,621.82,180
12997.0,307.92,1
12999.0,320.28000000000003,1
13000.0,201.75,1
13001.0,3717.6800000000003,120
13003.0,89.05000000000001,63
13004.0,2348.59,236
13005.0,276.9,30
13011.0,50.550000000000004,1
13012.0,325.02,214
13013.0,3995.2400000000002,634
13014.0,1407.58,215
13015.0,979.37,121
13016.0,425.25,1
13017.0,204.0,1
13018.0,2111.45,219
13021.0,920.85,415
13023.0,689.9,122
13026.0,975.36,182
13027.0,1536.0,60
13028.0,-1.6400000000000001,1
13029.0,474.29999999999995,1
13030.0,427.74,1
13032.0,-13.66,1
13034.0,165.86,1
13037.0,326.9,1
13038.0,196.66,1
13040.0,676.99,150
13043.0,516.42,1
13045.0,305.28000000000003,1
13046.0,431.59,1
13047.0,1596.27,576
13049.0,502.90000000000003,1
13050.0,1870.82,447
13052.0,348.15000000000003,1
13055.0,332.40999999999997,116
13058.0,137.70000000000002,33
13059.0,183.4,1
13062.0,346.98,1
13064.0,639.03,63
13065.0,205.86,1
13066.0,151.81,1
13069.0,2741.74,575
13075.0,919.61,1
13077.0,465.55,365
13078.0,4538.07,485
13079.0,65.7,119
13081.0,17758.61,577
13082.0,1747.54,7
13083.0,111.36,1
13085.0,137.98000000000002,1
13089.0,27475.6,571
13090.0,4085.29,545
13091.0,345.82,1
13092.0,151.0,154
13093.0,3392.09,687
13094.0,915.7800000000001,508
13097.0,1944.28,99
13098.0,18901.67,326
13099.0,207.35999999999999,1
13102.0,3836.47,416
13104.0,339.48,1
13106.0,-17.0,1
13107.0,566.84,1
13108.0,350.06,1
13109.0,774.74,186
13110.0,746.08,272
13113.0,3740.91,479
13115.0,1733.02,484
13117.0,664.71,602
13122.0,18.72,1
13124.0,2610.01,308
13126.0,1083.34,445
13130.0,64.0,1
13131.0,290.9,35
13133.0,109.8,92
13134.0,360.04,1
13136.0,550.63,453
13137.0,1973.97,311
13138.0,193.23,1
13139.0,1887.38,25
13140.0,159.51,1
13141.0,357.23,245
13144.0,110.95,1
13145.0,499.72,573
13147.0,356.40000000000003,244
13148.0,1698.09,364
13153.0,486.22,1
13155.0,468.96,364
13157.0,300.12,1
13158.0,944.65,181
13159.0,282.56,1
13162.0,1096.56,87
13166.0,414.7,30
13167.0,416.76,61
13168.0,346.53000000000003,1
13169.0,712.88,186
13171.0,-20.8,1
13173.0,353.65,304
13174.0,1415.97,1
13177.0,282.45,1
13178.0,1465.06,147
13183.0,1799.42,201
13184.0,793.03,307
13186.0,1265.74,245
13187.0,236.02,1
13192.0,447.62,1
13193.0,117.88,1
13198.0,1818.24,218
13199.0,2863.76,364
13200.0,319.32,1
13203.0,309.86,3
13207.0,197.52000000000004,1
13208.0,674.14,282
13209.0,2289.4900000000002,190
13210.0,353.48,1
13211.0,775.94,1
13212.0,291.47,1
13213.0,548.6,182
13217.0,-259.94000000000005,93
13218.0,62.63999999999999,1
13220.0,643.09,91
13224.0,2150.85,27
13225.0,3428.0,161
13226.0,108.21000000000001,1
13230.0,1567.12,394
13232.0,473.83,299
13233.0,304.24,1
13235.0,101.17000000000007,29
13236.0,-17.58,1
13240.0,334.11,209
13242.0,104.0,1
13244.0,121.74000000000001,1
13248.0,465.68,123
13249.0,419.57000000000005,30
13253.0,1030.4,66
13255.0,216.85,515
13259.0,292.32,1
13260.0,557.62,1
13263.0,2727.1,332
13265.0,1802.3,126
13266.0,1568.43,211
13267.0,2548.14,476
13268.0,816.03,327
13269.0,2913.34,576
13270.0,590.0,1
13271.0,178.26,1
13272.0,276.56,89
13276.0,590.9300000000001,182
13279.0,-11.45,1
13280.0,422.85,98
13282.0,342.15000000000003,274
13283.0,93.66,126
13285.0,796.83,1
13291.0,361.11,1
13292.0,329.37,1
13294.0,873.74,29
13295.0,-3.25,1
13297.0,1638.8999999999999,26
13298.0,360.0,1
13301.0,306.99,92
13302.0,63.75,1
13305.0,1086.21,629
13307.0,15.0,1
13308.0,-17.9,1
13309.0,1007.09,299
13310.0,297.78,303
13311.0,598.57,209
13313.0,934.04,126
13314.0,276.32,32
13316.0,1514.17,1
13317.0,864.3000000000001,149
13318.0,640.76,182
13319.0,6640.17,515
13320.0,466.61,61
13323.0,530.25,180
13324.0,4600.68,268
13327.0,2084.42,296
13329.0,789.0,364
13330.0,805.11,34
13334.0,2731.84,146
13338.0,431.82,92
13340.0,3678.03,1
13344.0,2543.72,115
13345.0,-11.899999999999999,1
13348.0,233.76,1
13351.0,373.94,1
13352.0,389.28,240
13355.0,674.7,1
13359.0,431.26,123
13362.0,763.58,52
13364.0,-134.95999999999998,1
13365.0,2191.22,150
13368.0,35.400000000000006,1
13369.0,308.28000000000003,1
13370.0,721.32,153
13372.0,378.64,1
13373.0,3312.25,185
13375.0,778.65,1
13376.0,249.76,1
13379.0,299.53,1
13381.0,1177.98,90
13382.0,222.99,1
13384.0,1286.69,214
13388.0,-49.95,1
13394.0,1011.0500000000001,269
13395.0,307.72,1
13396.0,973.72,1
13397.0,678.62,158
13402.0,621.23,419
13404.0,252.49,84
13408.0,9728.32,694
13410.0,126.25000000000001,114
13414.0,467.7,1
13417.0,404.83,1
13418.0,3637.54,636
13419.0,221.06,1
13420.0,-17.4,1
13422.0,2626.3,1
13426.0,2017.32,151
13427.0,464.86,94
13429.0,165.72,1
13431.0,1269.1,273
13434.0,72.84,1
13435.0,1133.13,62
13436.0,196.89,1
13437.0,2374.81,213
13441.0,296.64,1
13447.0,654.01,61
13448.0,1395.1100000000001,631
13450.0,1289.34,305
13451.0,1852.51,211
13455.0,692.94,1
13456.0,855.86,61
13458.0,5762.31,329
13460.0,75.98,1
13461.0,560.8,1
13462.0,143.25,245
13464.0,674.68,1
13466.0,307.9,1
13467.0,782.46,1
13468.0,3377.4,696
13470.0,49.5,1
13471.0,985.1800000000001,122
13473.0,422.64,21
13475.0,525.26,149
13476.0,581.9,214
13477.0,413.64,304
13481.0,-12.75,295
13483.0,140.34,1
13484.0,313.8,1
13486.0,819.61,121
13487.0,215.65,1
13488.0,4033.17,506
13489.0,51.36,1
13491.0,655.48,626
13492.0,676.1,241
13493.0,439.28,1
13494.0,316.26000000000005,1
13495.0,1428.64,302
13497.0,321.05,235
13499.0,311.46999999999997,127
13500.0,638.8,244
13501.0,-29.849999999999998,1
13502.0,74.56,1
13504.0,295.93,1
13505.0,-88.8,29
13506.0,301.12,1
13507.0,842.69,122
13508.0,110.97,1
13509.0,265.3,298
13510.0,1233.27,119
13513.0,205.1,1
13515.0,203.4,1
13517.0,516.24,1
13520.0,1575.85,637
13521.0,805.77,121
13522.0,125.80000000000001,1
13523.0,1545.79,303
13524.0,159.20000000000002,1
13525.0,282.88,1
13527.0,897.34,151
13531.0,305.45,1
13532.0,210.31,1
13533.0,124.14999999999999,1
13534.0,1655.31,299
13536.0,1009.0,122
13538.0,728.55,151
13539.0,164.1,1
13548.0,682.41,177
13549.0,370.2,179
13552.0,757.5500000000001,119
13557.0,584.06,222
13558.0,445.93,211
13560.0,174.37,1
13561.0,141.85999999999999,1
13562.0,603.27,1
13564.0,540.0,1
13565.0,110.17999999999999,1
13569.0,118.32,1
13570.0,239.49,1
13571.0,983.75,209
13575.0,147.41,1
13576.0,3223.13,657
13577.0,699.15,121
13579.0,164.70000000000002,1
13581.0,118.0,1
13583.0,781.03,1
13584.0,142.4,1
13587.0,646.4,31
13588.0,1010.02,306
13590.0,513.41,95
13591.0,340.9,1
13592.0,138.39,177
13593.0,559.85,1
13596.0,285.44,1
13599.0,3181.07,482
13601.0,373.2,1
13602.0,428.89,1
13606.0,280.53999999999996,282
13610.0,227.25,151
13611.0,535.08,1
13614.0,302.15,1
13617.0,131.10999999999999,1
13623.0,287.41,191
13626.0,257.23,1
13627.0,291.54,3
13629.0,3604.0,244
13630.0,964.0,156
13631.0,52.5,1
13632.0,261.58,1
13634.0,466.29,146
13635.0,1071.03,1
13636.0,649.77,247
13637.0,262.25,1
13642.0,354.8,1
13643.0,519.44,183
13644.0,-26.74,1
13645.0,252.1,1
13647.0,-7.9,1
13649.0,197.8,1
13650.0,792.58,243
13651.0,15.0,1
13652.0,308.8,1
13654.0,798.24,1
13655.0,383.65,1
13656.0,162.70000000000002,1
13662.0,297.34,302
13666.0,20.6,1
13668.0,2211.44,327
13672.0,-71.46,32
13673.0,213.6,1
13675.0,178.38000000000002,1
13678.0,232.6,1
13680.0,1509.8600000000001,132
13681.0,531.08,147
13682.0,59.5,1
13685.0,2519.15,150
13686.0,72.0,1
13689.0,910.0,1
13690.0,172.25,1
13692.0,0.0,214
13694.0,18202.64,635
13695.0,1724.47,301
13697.0,151.29999999999998,1
13699.0,308.58000000000004,1
13700.0,719.98,116
13704.0,637.78,241
13705.0,507.32,396
13706.0,330.79,1
13709.0,3033.5,273
13710.0,180.48,1
13711.0,252.06,1
13712.0,228.84,1
13715.0,1061.44,474
13717.0,389.25,125
13718.0,192.5,1
13719.0,330.79,1
13721.0,524.14,1
13722.0,1457.22,278
13723.0,199.85000000000002,1
13725.0,1140.78,214
13726.0,786.98,1
13727.0,333.48,152
13728.0,377.7,36
13730.0,306.75,1
13731.0,610.59,89
13732.0,491.86,1
13736.0,374.37,1
13741.0,361.03000000000003,183
13742.0,954.87,186
13743.0,915.2299999999999,186
13744.0,263.2,1
13745.0,-8.5,1
13747.0,79.6,1
13748.0,800.8,538
13750.0,325.44,1
13752.0,887.2900000000001,63
13754.0,126.6,1
13755.0,759.66,180
13756.0,3326.6400000000003,454
13758.0,1784.37,596
13759.0,99.0,1
13762.0,306.72,1
13763.0,1706.46,94
13764.0,499.89,1
13767.0,8191.450000000001,664
13769.0,1663.41,456
13771.0,2041.2,5
13772.0,903.71,63
13777.0,12163.31,607
13780.0,243.73000000000002,1
13781.0,127.84,1
13782.0,269.14,148
13784.0,1123.47,303
13786.0,230.39999999999998,1
13787.0,106.4,1
13790.0,348.8,1
13791.0,579.0,1
13792.0,120.95,1
13798.0,21253.4,664
13800.0,558.32,1
13801.0,324.8,1
13802.0,969.74,1
13804.0,862.25,155
13805.0,500.24,1
13806.0,256.38,1
13807.0,112.6,1
13808.0,1591.56,91
13809.0,155.05,1
13810.0,246.01,1
13811.0,333.0,1
13812.0,139.88,1
13813.0,278.79,185
13814.0,961.58,1
13816.0,371.69,1
13817.0,254.28,1
13819.0,732.05,244
13822.0,163.62,1
13823.0,650.42,1
13824.0,1371.28,304
13826.0,-14.85,1
13831.0,719.3,357
13833.0,384.8,1
13835.0,537.34,29
13837.0,157.54000000000002,1
13838.0,450.25,335
13841.0,85.0,1
13842.0,2137.09,485
13845.0,312.98,1
13846.0,235.08,92
13848.0,640.0,361
13850.0,1586.81,304
13851.0,2405.14,61
13853.0,-33.2,1
13854.0,3676.07,453
13856.0,124.60000000000001,1
13860.0,319.45,1
13862.0,1013.71,179
13863.0,299.56,61
13865.0,277.44,187
13867.0,561.3,97
13868.0,3192.54,32
13869.0,1519.99,1
13870.0,149.86,151
13871.0,1392.0,184
13873.0,381.7,281
13875.0,724.85,87
13876.0,122.7,1
13880.0,837.74,328
13881.0,9312.78,313
13882.0,375.49,243
13883.0,661.19,214
13884.0,781.3000000000001,310
13885.0,107.65,1
13888.0,605.63,216
13889.0,416.90000000000003,1
13890.0,908.2,212
13892.0,395.73,23
13894.0,150.95,242
13895.0,1655.77,215
13899.0,298.5,1
13900.0,8.5,1
13901.0,1561.0900000000001,1
13904.0,131.52,1
13908.0,1439.11,211
13911.0,867.47,125
13914.0,308.57,92
13917.0,65.38,1
13919.0,384.81,33
13924.0,362.54,62
13925.0,285.38,210
13928.0,131.22,1
13931.0,1237.53,36
13938.0,71.66,1
13939.0,172.7,31
13940.0,225.24,1
13941.0,2047.56,635
13947.0,90.6,1
13949.0,1359.04,62
13950.0,179.30999999999997,1
13952.0,1203.33,183
13953.0,911.32,232
13954.0,212.51,1
13955.0,322.96,36
13956.0,330.45,175
13958.0,-102.45,1
13959.0,337.44,81
13962.0,117.6,1
13963.0,548.86,264
13969.0,3952.28,423
13971.0,659.62,327
13975.0,2351.4700000000003,239
13980.0,200.14,1
13982.0,428.6,1
13983.0,1266.41,485
13984.0,256.9,329
13985.0,3145.5,245
13988.0,-42.510000000000005,122
13989.0,369.40999999999997,1
13990.0,311.3,1
13992.0,76.8,1
13993.0,816.2,151
13994.0,924.21,93
13995.0,300.25,92
13999.0,1578.07,186
14000.0,635.66,1
14001.0,301.24,1
14002.0,224.79,1
14004.0,957.0,58
14005.0,187.16,1
14006.0,357.65,1
14012.0,328.8,1
14013.0,118.5,1
14016.0,963.83,212
14019.0,416.24,1
14020.0,331.14,1
14021.0,433.0,150
14023.0,584.07,20
14024.0,327.7,91
14027.0,104.82,1
14029.0,302.46,1
14030.0,1816.81,453
14031.0,6067.45,627
14032.0,1200.58,479
14034.0,334.11,1
14035.0,300.32,1
14037.0,111.8,1
14039.0,152.2,1
14040.0,2128.37,175
14044.0,173.74,1
14045.0,1251.75,504
14047.0,628.77,503
14048.0,375.13,1
14049.0,226.93,1
14050.0,260.38,1
14051.0,6825.67,454
14053.0,260.25,123
14054.0,92.46,1
14056.0,3928.57,241
14057.0,1089.59,251
14060.0,1970.1200000000001,596
14062.0,1965.5,331
14064.0,712.97,62
14067.0,374.7,91
14071.0,175.70000000000002,174
14073.0,151.04,1
14075.0,316.78,1
14076.0,122.47,1
14077.0,227.9,2
14078.0,491.46,631
14079.0,375.1,1
14080.0,45.599999999999994,1
14081.0,924.57,508
14082.0,182.25,1
14083.0,811.3,601
14085.0,1338.71,448
14087.0,181.67,1
14088.0,12777.66,29
14092.0,1003.19,483
14096.0,17267.79,243
14098.0,147.35,1
14099.0,1206.43,186
14102.0,442.75,60
14104.0,104.95,1
14107.0,1288.15,179
14108.0,302.83,1
14110.0,2839.65,278
14111.0,142.5,208
14112.0,1310.39,243
14113.0,140.4,161
14114.0,191.39999999999998,1
14116.0,1169.82,119
14121.0,2226.67,302
14125.0,1111.08,1
14126.0,0.0,1
14127.0,572.11,217
14128.0,331.96,1
14129.0,519.91,95
14132.0,2261.71,273
14133.0,272.34,267
14135.0,3307.25,626
14138.0,982.3800000000001,33
14140.0,935.05,60
14141.0,414.67,152
14142.0,311.81,1
14145.0,2851.2,60
14146.0,1225.16,1
14149.0,259.43,245
14150.0,352.46000000000004,1
14156.0,35969.66,665
14159.0,1231.43,148
14161.0,1110.52,449
14163.0,909.6,1
14165.0,122.53999999999999,1
14167.0,148.35,1
14171.0,363.79,1
14173.0,114.04,1
14174.0,134.46,1
14175.0,2016.31,1
14176.0,159.55,1
14177.0,191.33,1
14178.0,1243.56,303
14180.0,2032.47,631
14184.0,452.89,1
14185.0,197.65,1
14188.0,1397.96,242
14189.0,1970.53,486
14191.0,1584.07,269
14193.0,430.85,1
14194.0,1596.71,221
14195.0,828.4,1
14198.0,-8.2,1
14199.0,185.39999999999998,1
14201.0,325.42,182
14204.0,161.03,1
14205.0,-238.2,1
14208.0,151.74,1
14209.0,1017.23,27
14210.0,663.6600000000001,546
14211.0,196.79000000000002,177
14212.0,1070.48,1
14213.0,-1192.2,1
14214.0,761.25,148
14215.0,342.16,358
14216.0,1046.3600000000001,150
14217.0,946.84,445
14219.0,89.94,1
14220.0,319.42,1
14221.0,1097.85,180
14223.0,686.23,94
14224.0,251.01999999999998,1
14226.0,337.02000000000004,30
14227.0,296.38,150
14229.0,456.97,1
14231.0,284.01,214
14232.0,308.3,92
14233.0,858.25,306
14234.0,209.48,1
14235.0,1538.31,1
14236.0,189.3,1
14237.0,161.0,1
14239.0,1105.2,176
14240.0,663.49,1
14241.0,213.70000000000002,1
14243.0,1159.31,362
14245.0,688.35,1
14246.0,449.64,1
14247.0,136.76999999999998,1
14250.0,1904.05,269
14251.0,482.28000000000003,1
14256.0,523.86,1
14257.0,2479.58,154
14258.0,7609.18,160
14262.0,1124.36,271
14264.0,319.47,540
14267.0,-209.8,121
14270.0,492.65000000000003,1
14273.0,218.7,152
14276.0,678.1899999999999,303
14277.0,1637.43,1
14282.0,1178.4,395
14284.0,343.15,1
14285.0,300.6,1
14286.0,2027.34,35
14287.0,67.95,266
14288.0,413.85,31
14289.0,225.78,326
14290.0,728.5,1
14291.0,2478.31,211
14292.0,1423.41,309
14293.0,815.1700000000001,385
14295.0,-11.5,1
14297.0,710.1,7
14298.0,15379.39,244
14299.0,1040.1,484
14304.0,197.1,301
14305.0,-48.85000000000001,1
14307.0,1895.36,695
14309.0,1446.41,302
14311.0,310.26,1
14312.0,1047.19,274
14315.0,652.35,212
14317.0,508.58000000000004,1
14320.0,352.51,1
14321.0,326.82,1
14323.0,-17.700000000000003,1
14326.0,183.85,1
14329.0,533.17,296
14331.0,79.0,1
14332.0,466.3,1
14333.0,351.45,92
14334.0,1017.01,85
14335.0,359.25,1
14336.0,764.45,120
14338.0,-25.75,90
14339.0,309.52,1
14340.0,134.7,1
14341.0,688.81,209
14342.0,91.03999999999999,1
14344.0,604.13,448
14345.0,108.97999999999999,1
14346.0,759.14,1
14350.0,282.93,1
14352.0,464.94000000000005,179
14353.0,90.6,1
14354.0,163.62,152
14355.0,174.4,1
14356.0,-15.299999999999999,1
14359.0,-20.75,30
14360.0,2128.23,153
14364.0,1763.8,213
14367.0,4752.7,299
14375.0,257.68,1
14377.0,302.45,1
14383.0,1005.6,149
14387.0,840.82,1
14388.0,2241.12,603
14389.0,1012.26,299
14390.0,1061.51,661
14393.0,67.95,1
14395.0,2125.28,604
14396.0,487.99,424
14397.0,1372.57,241
14401.0,1706.64,272
14403.0,1180.01,148
14404.0,260.28,394
14406.0,156.75,1
14407.0,344.43,60
14408.0,1459.14,152
14409.0,368.40000000000003,452
14410.0,303.21999999999997,127
14411.0,1063.0,1
14412.0,-8.7,1
14413.0,122.7,1
14414.0,359.9,242
14415.0,3222.53,271
14418.0,897.35,1
14419.0,607.66,363
14420.0,387.52,1
14421.0,455.18,1
14422.0,382.01,1
14423.0,265.2,1
14426.0,1690.38,204
14427.0,321.74,1
14428.0,710.71,27
14431.0,470.36,1
14432.0,671.28,302
14434.0,552.0,241
14436.0,89.06,1
14437.0,63.0,1
14438.0,131.9,1
14440.0,1273.95,122
14441.0,583.01,415
14442.0,-4.25,1
14443.0,589.08,504
14446.0,657.4,129
14447.0,265.0,1
14448.0,102.35000000000001,1
14449.0,714.7,506
14450.0,322.22,62
14451.0,302.59,1
14452.0,127.37,1
14453.0,119.93,1
14456.0,1462.1,211
14457.0,113.64,1
14459.0,1837.92,1
14460.0,-21.0,1
14462.0,1413.7,220
14463.0,220.2,1
14465.0,1058.6200000000001,89
14466.0,1832.45,606
14472.0,651.16,153
14473.0,85.0,1
14475.0,595.64,118
14477.0,358.0,1
14479.0,174.4,1
14482.0,827.27,244
14483.0,137.1,1
14485.0,165.75,1
14487.0,542.5699999999999,515
14488.0,1064.28,1
14491.0,127.2,1
14493.0,1585.89,212
14495.0,40.599999999999994,1
14496.0,538.8100000000001,354
14497.0,457.47,244
14498.0,147.02,1
14499.0,126.02000000000001,1
14500.0,305.85,278
14501.0,123.38000000000001,87
14502.0,922.13,120
14503.0,770.87,119
14504.0,408.15,123
14505.0,2917.04,296
14506.0,1250.45,333
14507.0,600.31,1
14508.0,137.56,1
14511.0,827.93,179
14512.0,148.95999999999998,1
14514.0,907.49,81
14515.0,1349.07,118
14517.0,78.0,1
14518.0,174.37,1
14520.0,105.60000000000001,1
14522.0,482.07,1
14524.0,321.95,160
14525.0,1410.28,300
14527.0,3195.37,696
14528.0,364.21999999999997,1
14529.0,261.62,1
14530.0,1399.21,123
14533.0,924.98,272
14534.0,2108.92,212
14535.0,2841.09,216
14538.0,281.75,1
14540.0,195.9,1
14541.0,319.1,95
14542.0,103.25,1
14543.0,1327.73,395
14546.0,1028.91,30
14547.0,957.6,30
14548.0,326.4,1
14549.0,289.24,1
14552.0,165.07,1
14553.0,717.79,70
14555.0,197.94,1
14557.0,-788.38,1
14560.0,1027.95,281
14561.0,222.07,1
14562.0,1887.6100000000001,272
14565.0,523.95,1
14567.0,794.86,93
14569.0,227.39,1
14570.0,218.06,1
14572.0,135.05,1
14573.0,1016.47,630
14576.0,35.400000000000006,1
14577.0,346.90000000000003,1
14578.0,168.63,1
14583.0,404.73,85
14584.0,354.01,1
14586.0,237.36,1
14587.0,1290.57,333
14589.0,39.75,1
14591.0,250.22,1
14592.0,425.25,60
14594.0,379.83,395
14595.0,141.75,1
14597.0,165.1,1
14600.0,393.33000000000004,1
14603.0,660.0,1
14606.0,4698.49,691
14607.0,1000.0,1
14608.0,1198.2,303
14616.0,158.4,1
14618.0,196.95,292
14619.0,394.44,1
14620.0,235.35,1
14621.0,1460.06,155
14622.0,320.58000000000004,1
14623.0,367.52,35
14624.0,210.25,1
14625.0,-51.15,508
14626.0,1591.35,239
14627.0,-21.85,1
14628.0,671.96,55
14629.0,334.38,31
14636.0,309.66,1
14639.0,732.9,277
14640.0,802.3100000000001,216
14642.0,96.12,1
14644.0,603.91,214
14645.0,597.09,88
14646.0,87572.39,336
14649.0,1098.21,177
14651.0,654.6,270
14653.0,1229.72,154
14655.0,1171.39,157
14656.0,133.11,1
14657.0,212.91000000000003,154
14658.0,124.01,1
14659.0,840.8199999999999,143
14662.0,514.82,68
14664.0,389.04,1
14665.0,921.12,280
14667.0,4825.7,477
14669.0,1269.99,32
14670.0,411.53,1
14672.0,285.28000000000003,1
14673.0,1044.94,335
14676.0,928.6,302
14679.0,-2.55,1
14680.0,13360.68,574
14681.0,393.95,1
14682.0,31.200000000000003,1
14684.0,519.26,236
14688.0,2803.06,696
14690.0,203.62,1
14691.0,1619.94,209
14696.0,1457.47,694
14697.0,188.60999999999999,1
14698.0,157.16,1
14699.0,109.13000000000001,1
14700.0,1513.75,127
14701.0,528.89,1
14702.0,1624.71,353
14704.0,110.12,1
14708.0,1126.37,421
14709.0,2611.89,245
14710.0,172.91,1
14711.0,934.31,187
14712.0,495.6,1
14713.0,1906.8,393
14715.0,485.25,175
14719.0,937.15,189
14720.0,663.81,211
14723.0,419.39,364
14727.0,268.58,1
14729.0,313.49,1
14730.0,1378.02,94
14731.0,127.66,1
14732.0,2367.39,340
14733.0,3804.61,477
14735.0,549.19,153
14737.0,730.55,96
14738.0,625.77,330
14739.0,3389.14,364
14740.0,496.1,3
14741.0,184.5,1
14744.0,305.8,454
14745.0,287.96999999999997,63
14747.0,294.3,60
14748.0,1311.79,537
14755.0,488.46000000000004,1
14759.0,755.12,1
14761.0,255.9,100
14765.0,158.61,1
14766.0,909.77,600
14768.0,133.20000000000002,1
14769.0,341.96999999999997,1
14775.0,717.0,665
14776.0,214.56,1
14777.0,-2.95,1
14778.0,730.86,6
14779.0,38.0,1
14788.0,310.99,1
14789.0,197.64,1
14790.0,428.62,27
14792.0,0.0,29
14793.0,-14.850000000000001,1
14794.0,531.11,61
14796.0,3503.4900000000002,452
14798.0,75.68,1
14800.0,2672.29,546
14801.0,193.14,1
14803.0,188.64,1
14804.0,353.27,1
14808.0,301.11,1
14810.0,463.64,476
14813.0,155.43,1
14815.0,778.5,1
14817.0,580.79,1
14819.0,187.35,1
14820.0,139.1,1
14821.0,48.800000000000004,1
14823.0,110.78,1
14824.0,497.41,89
14825.0,976.08,515
14828.0,582.0,1
14829.0,549.1899999999999,606
14834.0,522.05,243
14836.0,79.05,61
14837.0,295.64,60
14841.0,1169.69,37
14842.0,1543.53,269
14844.0,2521.01,147
14849.0,4256.8,694
14850.0,278.15,174
14852.0,1692.88,339
14853.0,201.75,327
14854.0,655.36,271
14855.0,339.3,1
14856.0,308.11,1
14857.0,643.13,274
14860.0,-1.7,1
14863.0,266.76,1
14865.0,52.2,364
14866.0,6181.32,454
14867.0,701.33,388
14868.0,1806.42,305
14869.0,330.64,150
14871.0,167.63,1
14878.0,254.01,269
14880.0,234.07,1
14882.0,247.9,1
14883.0,305.61,177
14886.0,364.8,1
14889.0,135.9,1
14891.0,449.38,1
14895.0,4899.95,241
14896.0,257.22,1
14897.0,789.96,300
14898.0,239.25,568
14901.0,777.71,665
14903.0,1677.6,243
14904.0,628.48,1
14905.0,291.35,92
14907.0,2173.85,487
14910.0,212.44,30
14911.0,50192.35,697
14912.0,482.78999999999996,1
14913.0,926.56,206
14915.0,307.48,68
14916.0,266.48,1
14918.0,765.4200000000001,1
14920.0,977.77,1
14921.0,413.06,1
14924.0,310.05,1
14929.0,223.88,1
14930.0,1104.13,1
14931.0,198.4,1
14932.0,363.53,1
14934.0,828.84,1
14936.0,4640.5,116
14937.0,759.56,1
14944.0,2694.2400000000002,127
14947.0,178.5,1
14948.0,325.36,182
14950.0,-9.95,1
14952.0,3588.62,484
14958.0,392.28,28
14959.0,391.37,152
14960.0,132.97,1
14961.0,2049.02,212
14963.0,604.59,86
14964.0,206.21,1
14965.0,599.0,1
14968.0,147.59,1
14970.0,917.06,37
14971.0,500.21,1
14972.0,114.77,1
14974.0,114.39,1
14976.0,115.57000000000001,1
14981.0,102.12,1
14984.0,110.17999999999999,1
14987.0,163.2,1
14988.0,334.54,1
14995.0,233.23000000000002,82
14997.0,273.18,29
14998.0,183.64,1
15002.0,893.15,292
15005.0,2354.99,384
15007.0,156.91,1
15010.0,308.94,1
15012.0,191.06,1
15017.0,125.58,1
15018.0,456.26,296
15021.0,902.19,330
15023.0,3338.65,448
15024.0,1072.12,486
15025.0,377.01,1
15026.0,108.97999999999999,1
15027.0,411.9,158
15028.0,300.67,214
15031.0,557.18,220
15032.0,2770.6,1
15033.0,364.69,154
15034.0,1630.96,193
15035.0,252.73000000000002,1
15038.0,705.49,577
15039.0,8497.41,475
15043.0,537.0,1
15044.0,2597.09,356
15045.0,244.76,307
15046.0,2622.5,242
15048.0,315.97,332
15049.0,121.17000000000002,1
15051.0,377.74,1
15053.0,697.79,96
15057.0,358.5,1
15058.0,767.59,88
15059.0,381.89,26
15060.0,16.61,1
15061.0,31739.1,660
15062.0,353.06,1
15063.0,370.79999999999995,1
15065.0,299.38,1
15066.0,-133.0,1
15067.0,848.05,1
15070.0,106.2,1
15071.0,982.07,55
15073.0,430.98,30
15078.0,3225.9100000000003,452
15079.0,528.32,419
15081.0,191.45,301
15087.0,306.94,1
15088.0,864.19,1
15089.0,1580.61,93
15090.0,381.32,1
15091.0,480.71,1
15092.0,457.81,214
15093.0,1840.3500000000001,597
15095.0,-5.9,1
15097.0,248.08,1
15098.0,649.5,1
15100.0,744.5999999999999,627
15101.0,207.75,140
15103.0,411.68,1
15104.0,374.64,1
15105.0,541.03,1
15106.0,637.38,208
15107.0,235.0,626
15108.0,423.55,152
15109.0,484.95,1
15110.0,181.05,179
15111.0,1567.48,606
15114.0,1860.49,149
15117.0,675.73,94
15119.0,266.4,1
15120.0,-15.0,1
15123.0,1129.84,1
15124.0,90.75,1
15125.0,155.52999999999997,274
15127.0,406.53,1
15128.0,1096.6,188
15129.0,509.7,3
15133.0,657.72,207
15134.0,505.27000000000004,179
15136.0,835.55,244
15139.0,122.10000000000001,1
15140.0,-4.25,1
15144.0,2973.5,332
15145.0,580.59,8
15147.0,-14.850000000000001,1
15150.0,2067.45,124
15152.0,2079.93,215
15153.0,329.25,1
15156.0,961.49,92
15157.0,814.28,57
15159.0,6635.55,243
15164.0,648.26,50
15165.0,487.75,1
15171.0,1289.5,1
15172.0,376.1,1
15179.0,85.5,83
15180.0,87.5,1
15181.0,249.52999999999997,210
15182.0,252.37,1
15184.0,406.76,247
15187.0,1925.02,297
15189.0,5977.63,329
15192.0,1044.32,451
15193.0,499.32,1
15194.0,4184.38,541
15195.0,3861.0,1
15197.0,-206.42000000000004,330
15198.0,193.64,31
15199.0,964.65,222
15201.0,601.9300000000001,152
15203.0,211.94,1
15205.0,476.29999999999995,1
15206.0,201.29999999999998,236
15208.0,544.1,122
15211.0,894.4100000000001,392
15212.0,101.8,1
15214.0,1068.19,296
15215.0,300.04,1
15218.0,647.75,1
15220.0,316.11,1
15221.0,114.1,92
15223.0,0.0,1
15224.0,0.0,1
15226.0,154.41,1
15227.0,594.33,146
15228.0,2123.5099999999998,180
15234.0,197.0,1
15235.0,1121.97,537
15237.0,83.6,1
15238.0,1071.99,154
15240.0,1024.38,632
15241.0,1101.86,245
15244.0,631.57,5
15245.0,486.24,1
15247.0,356.0,1
15249.0,3627.84,244
15251.0,6330.82,242
15252.0,740.78,179
15253.0,466.75,1
15254.0,300.36,1
15255.0,890.85,1
15257.0,232.14999999999998,59
15258.0,315.66,1
15260.0,808.38,478
15264.0,393.74,1
15265.0,793.88,1
15266.0,119.3,1
15267.0,1527.76,155
15270.0,972.1,273
15271.0,1307.41,450
15274.0,332.58000000000004,1
15275.0,609.19,181
15276.0,135.31,1
15279.0,-13.100000000000001,1
15281.0,971.49,281
15288.0,548.01,297
15289.0,617.25,190
15290.0,3065.0099999999998,211
15291.0,3157.42,693
15296.0,878.26,60
15297.0,380.26,93
15298.0,2145.34,361
15299.0,2593.1,627
15300.0,496.44,1
15301.0,1310.38,328
15304.0,386.55,484
15306.0,829.73,59
15307.0,205.3,1
15308.0,310.47,1
15311.0,31675.33,697
15312.0,318.15999999999997,1
15315.0,336.96,1
15318.0,312.62,1
15319.0,204.5,1
15322.0,-76.71,1
15326.0,311.71,1
15329.0,-44.2,210
15330.0,714.96,90
15332.0,1661.06,92
15334.0,127.53,1
15339.0,299.67,1
15342.0,406.09,1
15344.0,197.79,64
15345.0,-25.85,1
15346.0,252.42000000000002,1
15347.0,201.60000000000002,1
15349.0,473.81,28
15350.0,115.65,1
15351.0,708.07,547
15353.0,311.65,1
15355.0,150.8,1
15356.0,1252.49,424
15358.0,4994.49,452
15363.0,318.05,660
15364.0,581.39,1
15365.0,-231.20000000000002,62
15367.0,1416.18,30
15370.0,217.2,8
15373.0,477.03000000000003,385
15374.0,168.0,1
15376.0,654.17,1
15379.0,1269.97,155
15380.0,615.4000000000001,121
15381.0,314.55,1
15382.0,526.35,123
15384.0,-6.65,1
15386.0,394.14,1
15392.0,1196.55,210
15393.0,124.10000000000001,1
15399.0,266.64,1
15400.0,649.0,153
15405.0,349.1,1
15406.0,510.71000000000004,83
15407.0,1056.44,243
15410.0,727.48,29
15411.0,382.21,89
15414.0,421.5,265
15416.0,3075.18,307
15421.0,950.36,310
15423.0,43.5,1
15426.0,732.1800000000001,395
15427.0,1112.11,1
15433.0,160.66,1
15434.0,454.20000000000005,210
15442.0,594.0,1
15443.0,379.51,1
15449.0,300.13,120
15450.0,429.84,1
15452.0,125.4,1
15453.0,910.59,122
15454.0,179.1,1
15456.0,204.0,1
15462.0,169.8,33
15463.0,126.14,1
15464.0,1048.85,1
15465.0,2092.0099999999998,573
15467.0,288.42,1
15468.0,-7.95,1
15469.0,304.3,1
15471.0,469.48,1
15473.0,1057.2,61
15482.0,713.8,38
15483.0,118.96,1
15484.0,674.25,1
15485.0,2575.0,607
15488.0,91.32000000000001,1
15489.0,304.01,328
15491.0,912.3900000000001,154
15492.0,171.72,1
15493.0,1095.54,98
15494.0,1127.38,1
15498.0,5509.49,511
15500.0,266.26,1
15502.0,4977.55,545
15503.0,147.09,1
15505.0,1346.5800000000002,59
15508.0,481.8,30
15511.0,229.8,1
15512.0,19.799999999999997,1
15513.0,7419.27,691
15514.0,1279.04,241
15518.0,1668.05,239
15520.0,343.5,1
15521.0,976.34,266
15522.0,138.94,1
15525.0,613.72,546
15526.0,148.44,1
15527.0,1421.53,302
15529.0,1330.8,387
15530.0,553.13,1
15531.0,2007.44,241
15533.0,449.65999999999997,1
15535.0,-12.75,1
15539.0,538.46,1
15544.0,2532.72,663
15545.0,135.32999999999998,1
15547.0,2498.7599999999998,332
15549.0,689.58,1
15550.0,280.25,173
15551.0,436.06,1
15552.0,90.12,1
15553.0,437.23,1
15554.0,217.2,1
15555.0,2536.88,577
15557.0,473.65000000000003,1
15561.0,187.89999999999998,117
15563.0,-11.15,1
15568.0,335.77,1
15569.0,288.5,1
15570.0,1923.41,508
15571.0,196.43,1
15572.0,1071.02,30
15573.0,196.75,1
15574.0,375.65,1
15576.0,940.6700000000001,1
15577.0,258.88,128
15579.0,149.0,1
15581.0,3140.01,452
15582.0,303.61,1
15587.0,344.88,1
15589.0,163.0,28
15594.0,702.86,64
15596.0,988.04,385
15597.0,315.71999999999997,182
15598.0,-2.5,1
15601.0,2411.35,635
15602.0,309.94,516
15605.0,1015.48,665
15606.0,906.96,337
15607.0,104.76,1
15608.0,1093.68,31
15609.0,270.03000000000003,60
15611.0,281.54,269
15612.0,195.15,182
15615.0,4298.82,117
15618.0,554.02,29
15620.0,444.57,214
15621.0,192.76999999999998,1
15622.0,143.0,242
15625.0,297.84,59
15628.0,1868.38,419
15632.0,1729.62,187
15636.0,724.76,278
15638.0,-94.0,1
15640.0,5560.01,626
15641.0,453.79,1
15643.0,655.7,212
15646.0,425.14000000000004,629
15648.0,-3.75,1
15649.0,816.0,354
15651.0,418.98,1
15652.0,337.74,1
15653.0,829.4399999999999,1
15655.0,560.67,1
15656.0,63.910000000000004,1
15658.0,562.6500000000001,628
15660.0,364.3,113
15661.0,116.0,1
15665.0,1476.22,1
15668.0,76.32000000000001,1
15671.0,1311.0800000000002,179
15673.0,1911.07,185
15674.0,334.71,153
15675.0,225.39,95
15676.0,3247.44,275
15679.0,734.66,59
15680.0,478.89,1
15681.0,1183.02,222
15687.0,1467.77,185
15689.0,150.6,1
15690.0,128.76,1
15691.0,136.8,1
15692.0,191.04,1
15694.0,4348.7699999999995,606
15696.0,1175.05,274
15701.0,574.07,152
15704.0,1507.32,90
15706.0,158.4,152
15707.0,496.17,60
15708.0,1210.08,477
15709.0,133.25,1
15712.0,158.85,1
15713.0,171.15,1
15716.0,547.1,1
15719.0,3883.29,331
15722.0,1203.01,25
15723.0,203.1,1
15724.0,-5.95,1
15727.0,1339.2,211
15729.0,85.0,1
15730.0,653.45,91
15732.0,294.12,630
15733.0,162.3,1
15737.0,663.73,242
15738.0,1525.78,598
15739.0,449.12,1
15743.0,460.11,175
15745.0,286.18,149
15747.0,306.82,1
15749.0,22998.4,1
15750.0,1258.76,334
15752.0,1517.25,512
15753.0,79.2,1
15754.0,91.8,1
15755.0,303.67,118
15756.0,532.96,185
15757.0,714.42,25
15759.0,68.0,1
15762.0,268.44,1
15763.0,564.4300000000001,1
15764.0,1679.67,304
15766.0,315.06,1
15769.0,18878.68,547
15773.0,635.6800000000001,1
15774.0,270.8,1
15775.0,104.9,1
15777.0,293.96,1
15780.0,298.13,58
15781.0,83.35,1
15782.0,1638.3400000000001,1
15785.0,984.3,246
15787.0,492.05,1
15791.0,-8.25,1
15796.0,1273.22,180
15797.0,1825.2,34
15799.0,481.24,56
15800.0,244.5,1
15801.0,869.98,1
15804.0,1142.63,212
15805.0,1023.75,364
15806.0,521.88,87
15808.0,2506.57,386
15809.0,214.7,204
15810.0,-2.08,1
15811.0,261.05,293
15812.0,822.48,245
15814.0,353.64,213
15815.0,1192.98,118
15819.0,639.64,1
15821.0,254.18,1
15822.0,445.27,1
15823.0,-840.76,473
15827.0,786.3100000000001,631
15829.0,310.7,1
15830.0,547.7,242
15831.0,491.82,154
15834.0,1257.52,506
15837.0,391.98,1
15838.0,23026.98,602
15839.0,252.18,121
15840.0,113.82,1
15841.0,598.3,124
15843.0,118.95000000000002,1
15845.0,643.84,51
15847.0,208.59,1
15852.0,57.5,1
15854.0,437.71,129
15855.0,132.18,1
15856.0,9417.89,421
15858.0,661.65,485
15860.0,622.16,391
15862.0,527.38,365
15864.0,1050.24,98
15865.0,603.85,64
15867.0,1140.68,541
15869.0,149.64,1
15870.0,354.09000000000003,1
15874.0,3404.9700000000003,122
15877.0,198.52,1
15880.0,313.28000000000003,1
15881.0,114.45000000000002,1
15882.0,350.32000000000005,1
15883.0,396.48,31
15885.0,379.35,159
15886.0,181.09,1
15889.0,446.87,390
15894.0,156.74,1
15898.0,903.38,426
15899.0,56.25,1
15901.0,110.49,1
15903.0,1404.78,131
15904.0,164.68,1
15906.0,862.32,53
15907.0,437.93,1
15910.0,553.4,245
15916.0,841.35,395
15917.0,123.1,1
15918.0,192.23,1
15919.0,270.72,1
15920.0,167.5,1
15922.0,363.6,30
15923.0,127.08,1
15930.0,426.63,1
15932.0,1218.45,281
15935.0,308.82,1
15937.0,145.35,1
15938.0,105.0,1
15939.0,3563.13,338
15940.0,31.799999999999997,1
15944.0,325.1,1
15945.0,181.0,1
15948.0,311.0,1
15950.0,358.04,1
15951.0,294.40000000000003,212
15952.0,573.92,120
15953.0,1058.9299999999998,571
15955.0,2036.04,636
15957.0,428.89,1
15965.0,695.09,486
15969.0,443.7,5
15970.0,314.1,1
15971.0,1680.95,340
15973.0,110.72000000000003,232
15974.0,1620.89,209
15976.0,209.99,1
15980.0,1638.68,1
15981.0,790.8,335
15983.0,823.55,242
15984.0,1189.95,394
15985.0,137.84,93
15986.0,168.12,1
15987.0,525.8900000000001,514
15992.0,41.989999999999995,1
15993.0,663.62,150
15996.0,416.07,483
15998.0,1442.6,88
16000.0,12393.7,1
16003.0,941.47,1
16005.0,120.49000000000001,1
16006.0,101.4,1
16007.0,1485.19,298
16009.0,544.95,126
16010.0,407.5,234
16011.0,2203.31,482
16012.0,1415.29,121
16013.0,19362.01,635
16014.0,390.2,238
16015.0,203.1,1
16016.0,801.56,304
16018.0,161.9,1
16019.0,387.35,303
16020.0,518.8,1
16025.0,439.65999999999997,1
16027.0,595.87,150
16029.0,19796.28,667
16030.0,331.24,1
16031.0,548.94,65
16033.0,4319.9,572
16034.0,153.6,1
16037.0,303.00000000000006,1
16038.0,78.45,1
16040.0,437.37,1
16041.0,426.6,1
16042.0,-24.95,627
16043.0,466.14000000000004,297
16045.0,406.85,126
16048.0,256.44,1
16053.0,1511.95,59
16055.0,134.8,1
16057.0,762.3000000000001,239
16059.0,223.55,301
16062.0,578.18,418
16065.0,372.09,1
16066.0,1071.82,63
16070.0,686.85,1
16076.0,1131.1,150
16078.0,79.2,1
16080.0,130.26,1
16081.0,581.84,328
16085.0,120.33,1
16086.0,711.59,485
16091.0,157.81,1
16092.0,-38.5,147
16094.0,724.9,189
16098.0,1132.79,540
16102.0,1392.8400000000001,27
16103.0,638.44,113
16104.0,302.36,1
16105.0,336.96,1
16106.0,108.38,1
16107.0,1353.74,65
16109.0,611.88,32
16110.0,409.7,1
16112.0,159.18,153
16113.0,161.38,1
16115.0,314.7,31
16116.0,612.78,1
16117.0,232.21,1
16119.0,113.88000000000001,1
16120.0,1294.14,1
16121.0,287.89,1
16122.0,249.84,445
16125.0,289.35,1
16126.0,3533.7200000000003,66
16128.0,666.82,35
16133.0,5339.25,307
16136.0,566.04,129
16138.0,-7.95,1
16140.0,725.18,423
16141.0,620.4,1
16142.0,535.34,1
16143.0,1594.15,541
16144.0,175.2,1
16145.0,1670.88,332
16146.0,75.0,1
16149.0,116.84,1
16150.0,1102.27,664
16153.0,485.09000000000003,30
16156.0,1004.0500000000001,298
16159.0,348.2,1
16160.0,219.33999999999997,31
16161.0,1488.18,516
16162.0,37.4,1
16163.0,441.6,1
16164.0,-19.95,1
16168.0,2104.78,574
16169.0,918.17,271
16170.0,635.31,124
16171.0,73.2,1
16172.0,788.24,329
16173.0,735.95,240
16174.0,626.35,182
16175.0,300.7,1
16179.0,215.83,1
16180.0,2694.18,307
16182.0,2327.0,1
16183.0,338.71000000000004,1
16184.0,620.88,177
16186.0,2402.92,660
16187.0,1463.3600000000001,334
16188.0,151.65,1
16191.0,1573.89,281
16200.0,530.05,1
16201.0,509.4,1
16203.0,381.55,665
16205.0,649.03,211
16206.0,121.11,1
16209.0,926.42,186
16210.0,15447.19,631
16211.0,547.02,1
16212.0,489.0,59
16214.0,206.7,1
16217.0,175.94,182
16218.0,890.69,636
16221.0,864.86,417
16224.0,167.47,1
16225.0,416.61,1
16227.0,-5.9,1
16229.0,358.2,1
16230.0,542.03,1
16232.0,358.82,25
16233.0,147.39999999999998,1
16235.0,429.5,148
16239.0,347.9,1
16240.0,-7.65,1
16241.0,1445.4,577
16242.0,2610.37,236
16243.0,194.15,1
16244.0,1522.75,660
16245.0,254.42000000000002,119
16248.0,152.94,1
16250.0,226.14,1
16252.0,-295.09,1
16253.0,1965.22,123
16255.0,1441.71,329
16258.0,1787.26,3
16261.0,254.96,1
16265.0,2370.51,386
16271.0,314.42,64
16274.0,357.95,1
16278.0,-15.8,1
16279.0,-12.9,1
16282.0,168.3,1
16283.0,1253.7,270
16284.0,424.57,1
16292.0,302.25,1
16293.0,699.59,423
16295.0,692.3,183
16297.0,-23.549999999999997,215
16298.0,114.3,1
16302.0,233.22,1
16303.0,827.1800000000001,1
16306.0,616.35,477
16308.0,1600.0,114
16309.0,-19.9,1
16313.0,106.53,1
16316.0,1413.47,206
16317.0,770.89,335
16318.0,328.15,1
16319.0,404.40000000000003,1
16320.0,852.68,1
16321.0,67.95,1
16322.0,326.75,154
16324.0,262.12,1
16325.0,416.02000000000004,27
16326.0,1702.69,187
16327.0,535.6,1
16332.0,991.51,307
16333.0,20637.36,215
16337.0,151.05,1
16338.0,214.79999999999998,1
16344.0,101.10000000000001,1
16347.0,444.29,1
16348.0,738.35,185
16350.0,796.17,383
16351.0,153.9,1
16352.0,204.92000000000002,1
16353.0,3404.21,567
16354.0,29.700000000000003,1
16356.0,102.0,1
16357.0,538.83,115
16358.0,1352.55,88
16359.0,1241.6,328
16360.0,2411.93,332
16362.0,655.82,213
16365.0,619.22,512
16367.0,804.49,61
16368.0,497.43,122
16370.0,271.04,1
16372.0,367.93,1
16374.0,316.73,1
16376.0,103.27,1
16378.0,220.1,122
16379.0,1199.94,181
16380.0,1780.59,1
16384.0,175.4,1
16385.0,555.89,424
16386.0,256.1,1
16389.0,119.65,1
16393.0,1512.3,449
16394.0,298.49,37
16395.0,214.69,1
16398.0,535.85,1
16400.0,303.93,1
16401.0,760.5799999999999,246
16402.0,211.8,1
16403.0,-16.45,1
16405.0,167.25,241
16407.0,60.0,1
16409.0,1376.56,270
16411.0,131.5,1
16414.0,50.8,1
16416.0,-24.41,1
16418.0,222.45000000000002,1
16419.0,616.27,304
16422.0,14318.67,573
16424.0,82.56,146
16425.0,302.7,1
16426.0,1466.06,177
16431.0,298.88,1
16432.0,287.4,1
16433.0,184.26,1
16434.0,601.1,185
16438.0,264.72,31
16440.0,2537.31,241
16441.0,170.2,1
16442.0,179.76,1
16444.0,301.32,1
16445.0,230.51,1
16446.0,0.0,1
16449.0,383.69,56
16454.0,5.9,1
16455.0,1088.7,484
16456.0,1694.28,505
16457.0,208.36,1
16458.0,1587.22,331
16460.0,302.62,1
16462.0,34.0,184
16463.0,-13.75,1
16466.0,440.63,178
16469.0,276.88,1
16471.0,223.95000000000002,1
16473.0,148.16,147
16474.0,788.38,303
16475.0,395.0,36
16477.0,1311.65,570
16478.0,235.9,30
16484.0,260.8,28
16488.0,144.23000000000002,1
16495.0,684.41,52
16496.0,377.18,5
16497.0,279.3,1
16498.0,-5.100000000000001,1
16499.0,200.20000000000002,29
16500.0,138.06,61
16503.0,251.6,1
16505.0,777.6,1
16510.0,248.1,1
16513.0,211.8,119
16515.0,1250.3500000000001,338
16516.0,101.69999999999999,1
16517.0,162.7,1
16518.0,293.62,1
16519.0,103.7,1
16520.0,739.46,267
16523.0,3381.9,273
16525.0,6813.25,476
16528.0,244.41,1
16529.0,455.25,1
16531.0,422.91,56
16532.0,1910.4,1
16533.0,376.97,1
16535.0,593.75,1
16539.0,1083.91,545
16546.0,-583.68,1
16549.0,1831.79,123
16550.0,929.38,390
16551.0,922.12,173
16552.0,379.73,660
16553.0,1127.25,479
16554.0,195.76,329
16555.0,133.91,1
16556.0,1075.49,116
16558.0,3044.7400000000002,478
16561.0,511.12,211
16565.0,173.7,1
16566.0,-0.65,1
16567.0,557.5600000000001,1
16569.0,124.2,1
16570.0,1154.7,190
16571.0,300.21,101
16572.0,1009.6,212
16573.0,-10.25,1
16579.0,-30.599999999999998,1
16581.0,70.44,90
16583.0,233.45,1
16584.0,-28.049999999999997,1
16586.0,463.95,1
16589.0,117.68,1
16591.0,213.5,1
16592.0,1919.63,249
16593.0,185.9,1
16595.0,360.16,1
16596.0,120.65,1
16597.0,90.04,1
16598.0,-4.35,1
16600.0,366.18,11
16602.0,494.72999999999996,153
16603.0,296.62,1
16607.0,842.48,305
16609.0,1436.17,336
16610.0,75.66,1
16611.0,129.49,1
16612.0,1187.66,340
16614.0,506.19,1
16616.0,210.10000000000002,1
16618.0,1206.3,1
16620.0,83.2,1
16621.0,490.7,32
16623.0,129.45,1
16625.0,333.08,1
16626.0,1618.74,214
16628.0,915.46,244
16629.0,236.78,1
16633.0,255.8,1
16634.0,217.9,326
16637.0,820.97,182
16638.0,387.18,385
16639.0,786.36,1
16642.0,380.6,1
16643.0,487.51,1
16644.0,722.41,1
16648.0,-19.8,1
16652.0,5277.22,36
16653.0,-45.74,1
16654.0,256.5,327
16655.0,1844.38,148
16656.0,3549.04,420
16658.0,123.24,1
16659.0,39.12,1
16665.0,135.39999999999998,1
16667.0,366.78,1
16668.0,145.98,30
16670.0,1987.06,309
16671.0,309.39,214
16672.0,3830.4,328
16674.0,122.2,1
16676.0,1262.88,126
16678.0,2031.1,308
16679.0,129.75,1
16682.0,921.08,124
16684.0,36964.86,188
16685.0,324.24,1
16686.0,740.56,142
16688.0,329.45,58
16693.0,324.45,1
16696.0,440.1,153
16697.0,112.75,1
16700.0,2106.11,481
16701.0,2557.65,329
16705.0,5672.39,341
16706.0,239.82,2
16709.0,1270.43,154
16710.0,822.84,480
16711.0,680.2,111
16712.0,1504.21,270
16713.0,2209.64,484
16714.0,15.0,1
16716.0,153.0000000000001,272
16717.0,1004.8100000000001,333
16718.0,623.75,1
16719.0,583.18,322
16722.0,2136.11,450
16723.0,165.0,1
16725.0,453.62,569
16727.0,272.82,1
16729.0,2893.25,328
16730.0,-40.32,1
16732.0,603.75,1
16735.0,1528.69,204
16743.0,1394.82,210
16744.0,274.85,63
16745.0,4010.88,340
16746.0,2161.52,335
16747.0,830.26,119
16748.0,1249.2,201
16750.0,98.38,1
16751.0,1764.72,1
16752.0,207.5,1
16753.0,223.92000000000002,1
16754.0,2002.4,1
16756.0,239.4,1
16758.0,369.34000000000003,1
16759.0,789.79,210
16761.0,316.62,1
16763.0,-16.95,1
16764.0,1216.79,213
16766.0,1145.6,1
16767.0,2163.62,183
16770.0,130.8,1
16771.0,1800.25,212
16774.0,112.72,60
16775.0,453.23,422
16776.0,388.28,1
16778.0,93.18,1
16779.0,5297.06,476
16781.0,294.65,212
16782.0,765.3000000000001,386
16788.0,300.31,1
16789.0,80.8,1
16790.0,1441.42,272
16791.0,1554.38,54
16792.0,110.38000000000001,1
16794.0,467.78,115
16795.0,414.88,1
16796.0,305.62,1
16801.0,751.9,1
16803.0,332.3,1
16806.0,173.07999999999998,1
16807.0,280.6,1
16808.0,288.42,266
16809.0,149.68,1
16811.0,232.3,1
16813.0,384.55,92
16814.0,1944.07,571
16817.0,1432.3500000000001,508
16818.0,1165.56,243
16820.0,497.61,1
16825.0,775.1800000000001,175
16828.0,15.0,1
16829.0,197.22,1
16830.0,325.91,1
16832.0,121.4,62
16833.0,744.72,19
16835.0,180.85,419
16837.0,2219.68,249
16838.0,-5.95,1
16839.0,7299.53,576
16841.0,934.56,207
16842.0,863.2,113
16843.0,2829.13,303
16849.0,124.57,1
16850.0,332.41,1
16851.0,102.99000000000001,1
16858.0,345.89000000000004,61
16861.0,151.65,515
16863.0,482.8,425
16866.0,153.95,272
16871.0,329.44,1
16872.0,388.36,1
16873.0,6575.09,332
16875.0,1266.52,268
16877.0,111.23,1
16880.0,1367.9,271
16881.0,432.0,1
16882.0,489.41999999999996,1
16883.0,276.73,420
16884.0,429.84000000000003,1
16887.0,194.88,1
16889.0,1228.61,95
16891.0,604.04,517
16892.0,362.19,59
16893.0,145.93,1
16895.0,219.14,1
16898.0,51.730000000000004,92
16899.0,389.68,269
16900.0,70.63000000000011,91
16903.0,373.24,1
16904.0,1570.81,456
16905.0,589.1,396
16906.0,295.94,32
16907.0,451.79,394
16909.0,-15.0,1
16910.0,434.4,120
16912.0,986.5400000000001,245
16914.0,208.46,1
16915.0,340.49,121
16916.0,198.08,1
16917.0,391.52,1
16918.0,729.76,125
16919.0,1010.08,540
16921.0,169.79,1
16923.0,4104.69,298
16924.0,252.54,1
16926.0,230.25,1
16927.0,123.35,1
16928.0,1089.3899999999999,665
16929.0,740.6,118
16930.0,207.11,1
16931.0,1383.65,510
16933.0,322.05,1
16938.0,2726.63,328
16942.0,1012.29,96
16943.0,172.1,1
16945.0,1939.8,304
16949.0,773.58,61
16950.0,778.41,360
16951.0,1038.79,5
16953.0,20.8,1
16954.0,910.2,239
16955.0,518.67,570
16957.0,114.84,1
16960.0,507.05,278
16963.0,110.55000000000001,1
16966.0,385.79999999999995,1
16967.0,319.02,1
16968.0,186.12,1
16969.0,397.36,1
16971.0,232.20999999999998,181
16979.0,501.38,183
16982.0,384.06,1
16983.0,731.45,573
16984.0,4471.45,334
16985.0,1975.48,310
16986.0,1873.2,29
16987.0,231.93,1
16988.0,126.12,1
16989.0,1029.3,300
16990.0,179.0,1
16992.0,716.26,36
16995.0,-1.25,1
16996.0,1087.02,65
16997.0,78.0,1
16998.0,90.0,1
17001.0,1376.78,161
17002.0,480.46000000000004,1
17004.0,1006.4,1
17006.0,355.91,91
17007.0,250.66,59
17011.0,270.9,1
17014.0,565.58,180
17015.0,797.08,127
17017.0,2110.87,666
17019.0,358.82,1
17022.0,71.0,1
17024.0,56.25,117
17025.0,357.77,635
17026.0,154.82999999999998,420
17027.0,-28.5,1
17030.0,146.87,1
17031.0,225.95,1
17033.0,300.29999999999995,1
17035.0,388.33,304
17038.0,112.4,1
17042.0,822.2,125
17043.0,641.36,1
17044.0,-15.95,1
17045.0,148.35,3
17046.0,642.02,1
17048.0,746.82,301
17049.0,2615.07,236
17050.0,2556.5,90
17052.0,413.75,1
17053.0,496.38,59
17054.0,463.08,98
17059.0,1567.3,516
17061.0,484.12000000000006,1
17062.0,294.43,123
17063.0,-36.6,85
17064.0,711.5,64
17068.0,1139.8,363
17069.0,1816.79,693
17071.0,1573.6000000000001,331
17076.0,841.0799999999999,386
17078.0,378.2,1
17082.0,1366.91,1
17083.0,691.36,1
17084.0,2949.75,1
17085.0,1033.64,239
17086.0,1482.51,210
17088.0,622.5600000000001,36
17090.0,1092.5,302
17091.0,2727.4900000000002,395
17092.0,633.07,55
17095.0,303.2,91
17096.0,263.61,1
17097.0,318.87,303
17101.0,471.0,1
17105.0,665.78,86
17107.0,5774.12,37
17109.0,295.92,242
17114.0,461.57,182
17115.0,527.48,266
17119.0,606.91,150
17122.0,138.32,1
17123.0,345.29999999999995,1
17124.0,298.89,1
17126.0,689.18,299
17128.0,157.09,1
17131.0,1180.73,60
17133.0,2194.9700000000003,147
17135.0,400.0,336
17138.0,380.5,1
17139.0,4589.88,332
17140.0,465.32,1
17144.0,388.68,1
17147.0,409.5,1
17157.0,157.54000000000002,1
17158.0,568.42,1
17159.0,-4.15,1
17160.0,1599.98,241
17162.0,1408.83,278
17164.0,1721.51,119
17166.0,78.75,1
17169.0,308.68,1
17173.0,1239.16,241
17174.0,59.9,1
17175.0,302.62,1
17180.0,303.12,1
17181.0,155.52,1
17183.0,1306.3400000000001,180
17186.0,72.0,1
17188.0,1163.23,302
17190.0,54.740000000000016,187
17191.0,2095.13,517
17193.0,174.42000000000002,333
17194.0,10.0,1
17197.0,1013.01,1
17198.0,521.66,183
17203.0,2262.93,182
17204.0,461.25,1
17211.0,808.47,573
17213.0,304.85,447
17214.0,498.07,221
17218.0,1091.14,514
17219.0,114.23,1
17220.0,1147.7,237
17221.0,335.13,27
17222.0,354.15,1
17223.0,426.79,235
17226.0,393.49,1
17227.0,249.36,484
17228.0,911.64,512
17229.0,161.05,1
17230.0,665.5,242
17231.0,1326.49,179
17232.0,213.48,1
17233.0,190.88,1
17234.0,149.89000000000001,1
17235.0,341.9,1
17236.0,244.73000000000002,327
17238.0,1967.6000000000001,608
17242.0,709.44,1
17243.0,4327.31,548
17248.0,318.65,1
17250.0,221.87,1
17251.0,283.28000000000003,1
17252.0,341.96,1
17254.0,102.13,1
17259.0,381.64,1
17262.0,268.86,1
17265.0,384.09000000000003,1
17266.0,197.58,29
17267.0,317.62,1
17268.0,311.48,125
17274.0,111.97999999999999,1
17278.0,246.04,1
17282.0,687.0,1
17284.0,1147.52,129
17287.0,367.94,326
17288.0,127.30000000000001,1
17289.0,936.16,178
17290.0,172.21,1
17291.0,550.8000000000001,1
17293.0,1278.63,331
17295.0,556.95,153
17298.0,107.63999999999999,1
17299.0,309.86,1
17302.0,876.8100000000001,67
17306.0,2361.3,206
17307.0,-152.64000000000001,1
17309.0,82.75,1
17312.0,399.5,122
17313.0,2328.84,1
17314.0,1348.75,342
17315.0,2399.0099999999998,333
17317.0,2027.94,1
17320.0,450.92,1
17321.0,700.86,56
17323.0,413.96,64
17324.0,702.23,475
17325.0,96.8,1
17330.0,264.9,1
17331.0,175.2,1
17334.0,306.6,214
17337.0,1944.32,306
17338.0,1366.98,328
17339.0,243.36,269
17340.0,8923.460000000001,452
17341.0,781.36,298
17345.0,155.8,1
17346.0,887.05,696
17348.0,321.3,214
17350.0,394.98,1
17351.0,358.45,236
17353.0,1740.0,179
17356.0,178.22,1
17358.0,119.15,1
17360.0,330.95,1
17361.0,218.92,1
17362.0,150.0,1
17364.0,2662.19,292
17365.0,742.66,1
17368.0,750.87,40
17370.0,117.36,1
17372.0,670.2,302
17374.0,495.77,62
17375.0,-27.6,1
17376.0,105.85,1
17377.0,2199.38,665
17381.0,17098.07,664
17382.0,65.4,1
17383.0,199.29,1
17384.0,227.65,1
17386.0,1145.02,33
17387.0,346.44,1
17388.0,381.6,1
17389.0,19992.65,327
17392.0,145.5,1
17394.0,203.86999999999998,1
17396.0,2431.5,363
17400.0,817.44,1
17402.0,1285.95,486
17403.0,281.62,1
17404.0,6017.38,241
17405.0,511.48,179
17406.0,1934.92,415
17409.0,771.85,93
17410.0,978.38,302
17411.0,-30.0,1
17412.0,685.46,635
17414.0,598.0,1
17416.0,3129.32,221
17419.0,1829.96,454
17420.0,130.85,1
17422.0,1064.85,276
17423.0,449.42,1
17425.0,688.97,1
17426.0,2936.91,239
17428.0,8567.99,540
17429.0,512.12,244
17430.0,265.76,301
17432.0,175.89,1
17433.0,303.15999999999997,1
17434.0,601.63,150
17436.0,93.89999999999999,1
17438.0,-10.15,1
17440.0,186.42000000000002,2
17442.0,1519.0,393
17443.0,534.24,1
17444.0,1217.64,1
17446.0,68.10000000000001,1
17449.0,922.89,340
17450.0,34492.14,512
17451.0,294.18,1
17453.0,341.99999999999994,1
17456.0,249.86,1
17457.0,1370.5,123
17459.0,300.39,1
17460.0,230.15,512
17461.0,382.56,1
17462.0,212.28,1
17464.0,289.96000000000004,1
17469.0,412.8,31
17470.0,816.47,328
17472.0,259.27,1
17481.0,838.03,119
17483.0,294.40000000000003,119
17489.0,376.64,34
17490.0,931.13,93
17491.0,1706.98,396
17492.0,374.57,1
17495.0,497.56,32
17500.0,288.0,1
17501.0,288.6,1
17502.0,226.60000000000002,1
17503.0,558.96,181
17504.0,-3.552713678800501e-15,122
17505.0,658.85,1
17507.0,340.56,1
17508.0,387.31,1
17509.0,5215.75,92
17511.0,46322.16,691
17512.0,1635.27,190
17514.0,208.65,1
17515.0,67.65,1
17516.0,281.02,186
17517.0,153.94,1
17519.0,335.3,1
17521.0,563.65,153
17522.0,845.02,123
17526.0,534.0,334
17527.0,282.16,158
17528.0,993.73,181
17530.0,516.45,333
17531.0,293.45,274
17535.0,164.4,1
17537.0,897.62,38
17540.0,-8.5,1
17547.0,-11.8,1
17548.0,-244.78,508
17550.0,156.22,1
17552.0,298.52,604
17553.0,1487.6,1
17554.0,925.9,90
17555.0,195.45,1
17560.0,531.0,242
17562.0,235.3,123
17566.0,486.95,1
17567.0,2051.83,597
17569.0,344.14,1
17571.0,75.6,1
17572.0,114.60000000000001,361
17573.0,373.1,94
17574.0,185.65,1
17576.0,1845.56,451
17578.0,124.74,88
17579.0,169.34,179
17580.0,47.7,1
17581.0,5998.92,599
17584.0,1242.3,54
17585.0,417.81,1
17589.0,1813.4,185
17590.0,320.93,1
17591.0,620.2,422
17593.0,1663.82,88
17595.0,157.9,1
17596.0,1900.8700000000001,393
17597.0,2044.3700000000001,1
17602.0,1217.44,91
17604.0,173.12,1
17608.0,193.42,1
17609.0,99.35,1
17611.0,1699.93,265
17612.0,704.36,118
17613.0,826.5500000000001,179
17615.0,211.05,2
17616.0,326.4,1
17618.0,971.58,142
17620.0,81.44,1
17621.0,-43.8,1
17623.0,527.0500000000001,1
17624.0,400.3,1
17629.0,1354.03,249
17631.0,111.83,1
17633.0,638.23,150
17634.0,2049.36,238
17636.0,-19.630000000000003,1
17637.0,208.11,1
17639.0,108.5,1
17642.0,316.99,1
17643.0,101.55,1
17644.0,979.27,241
17646.0,1008.39,204
17647.0,133.06,1
17648.0,1273.98,188
17651.0,1654.75,122
17652.0,2207.61,246
17653.0,1175.88,303
17654.0,117.55,1
17655.0,990.0,354
17656.0,473.98,276
17658.0,317.59999999999997,1
17659.0,887.97,635
17663.0,437.19,177
17664.0,326.19,1
17666.0,728.16,32
17667.0,1127.46,332
17668.0,347.75,212
17669.0,844.0,157
17671.0,1098.55,449
17672.0,1152.3400000000001,123
17673.0,699.64,124
17674.0,300.66,1
17675.0,7773.16,512
17676.0,1156.7,485
17677.0,6821.74,517
17682.0,742.29,356
17685.0,2100.63,664
17686.0,3774.58,268
17690.0,2845.71,606
17691.0,142.5,1
17692.0,220.68,119
17696.0,1579.21,423
17700.0,1671.98,387
17701.0,417.95,1
17702.0,397.45,364
17703.0,307.78,1
17705.0,1042.4,147
17706.0,3432.87,452
17707.0,152.4,5
17708.0,156.48,1
17716.0,2643.56,190
17719.0,2251.92,305
17720.0,102.0,1
17722.0,1590.6,240
17723.0,2199.3,241
17725.0,260.28999999999996,30
17728.0,2530.98,33
17730.0,2352.36,151
17731.0,963.74,182
17732.0,303.97,1
17733.0,475.24,1
17735.0,7296.29,390
17736.0,-39.95,1
17737.0,87.39,1
17738.0,779.92,1
17739.0,1106.3700000000001,268
17742.0,302.57,1
17744.0,1010.9399999999999,99
17750.0,446.18,92
17754.0,1197.2,212
17757.0,2281.51,601
17758.0,965.1600000000001,216
17760.0,172.54,1
17761.0,712.78,1
17764.0,261.97,1
17765.0,109.33,1
17768.0,1861.8500000000001,150
17769.0,1453.79,160
17770.0,967.07,274
17774.0,820.58,89
17781.0,86.02,1
17783.0,112.41,1
17787.0,1335.28,573
17788.0,16.7,1
17789.0,225.9,1
17790.0,999.54,421
17791.0,106.1,1
17796.0,396.9,476
17797.0,272.41,1
17799.0,500.35,299
17800.0,874.1,300
17802.0,599.22,662
17809.0,3049.9100000000003,658
17811.0,2836.75,340
17812.0,261.02,212
17813.0,1251.36,150
17816.0,31.46,240
17817.0,387.68,52
17819.0,1579.57,572
17820.0,-7.1000000000000005,1
17827.0,1995.46,388
17828.0,802.35,205
17830.0,111.05,1
17831.0,35.400000000000006,1
17835.0,114.14,1
17837.0,524.6,183
17838.0,1560.56,634
17841.0,17039.99,696
17843.0,205.48,1
17848.0,367.53,60
17849.0,454.35,148
17850.0,5288.63,628
17854.0,199.5,1
17855.0,208.97,1
17856.0,758.21,161
17857.0,14824.48,421
17858.0,1661.67,575
17859.0,148.21,1
17860.0,252.8,1
17861.0,1219.69,125
17863.0,1923.4,547
17864.0,480.72,67
17865.0,3294.07,422
17867.0,239.62,1
17869.0,310.96,418
17870.0,988.08,393
17873.0,1097.07,570
17874.0,122.76,1
17880.0,458.92,1
17881.0,133.35000000000002,1
17883.0,304.21999999999997,22
17884.0,717.45,456
17886.0,726.54,128
17887.0,111.35,1
17888.0,345.05,306
17889.0,102.02,1
17892.0,142.1,1
17894.0,235.67000000000002,239
17897.0,409.12,181
17899.0,155.8,1
17900.0,112.19999999999999,1
17901.0,110.38,1
17905.0,426.59000000000003,510
17906.0,72.9,1
17908.0,243.28,1
17912.0,126.75,113
17913.0,193.54999999999998,1
17914.0,336.43,1
17917.0,110.91,1
17919.0,1304.04,1
17920.0,1856.23,515
17921.0,224.76,1
17923.0,207.50000000000003,1
17924.0,2034.7500000000002,659
17925.0,244.08,1
17928.0,78.25999999999999,1
17929.0,196.20000000000002,1
17930.0,749.88,60
17932.0,986.07,54
17934.0,638.45,1
17936.0,389.84,1
17937.0,2080.26,242
17939.0,99.14,1
17940.0,1756.0800000000002,207
17941.0,304.56,1
17942.0,77.50000000000001,1
17947.0,176.68,1
17949.0,14087.96,634
17950.0,253.09,1
17951.0,295.5,1
17954.0,1119.19,513
17955.0,394.1,30
17956.0,12.75,1
17957.0,111.68,1
17961.0,299.25,664
17964.0,471.7,544
17965.0,1936.09,567
17966.0,951.43,269
17967.0,123.07,1
17968.0,277.35,1
17970.0,582.59,1
17972.0,136.04,1
17974.0,172.77,1
17975.0,1606.56,331
17976.0,353.19,1
17977.0,288.14,1
17978.0,300.91999999999996,1
17979.0,253.17,1
17987.0,198.57,1
17988.0,13.370000000000001,1
17994.0,322.44,242
17995.0,76.1,1
17997.0,934.15,239
17999.0,382.06,183
18004.0,169.47,1
18005.0,109.75,1
18008.0,162.5,1
18011.0,102.78999999999999,1
18013.0,187.29,1
18014.0,166.42,1
18015.0,120.03,1
18016.0,690.91,271
18017.0,165.0,1
18022.0,668.11,1
18024.0,236.77999999999997,1
18027.0,115.31,1
18030.0,109.55,1
18032.0,73.5,1
18033.0,97.97,1
18035.0,239.56,1
18036.0,261.88,23
18037.0,40.5,237
18040.0,239.0,1
18041.0,1989.97,600
18043.0,316.46,1
18044.0,744.42,129
18053.0,-2.95,1
18055.0,2511.4900000000002,300
18059.0,124.08,1
18061.0,1213.91,452
18062.0,485.92,88
18065.0,1450.76,328
18069.0,1092.41,3
18071.0,258.95,1
18072.0,-5.329070518200751e-15,1
18073.0,1470.18,120
18074.0,489.6,1
18075.0,617.21,311
18077.0,1051.81,453
18078.0,138.19,1
18079.0,593.35,1
18080.0,841.4999999999999,1
18081.0,135.4,1
18084.0,-2.95,1
18085.0,303.9,1
18086.0,101.34,1
18087.0,812.0,265
18088.0,167.67000000000002,1
18092.0,5251.2,452
18093.0,1841.92,121
18094.0,633.0,1
18095.0,374.75,1
18096.0,148.66,1
18097.0,1715.9,84
18099.0,168.31,1
18102.0,135953.04,426
18104.0,754.64,1
18105.0,113.48000000000002,1
18108.0,-6.35,1
18109.0,4554.2,573
18113.0,76.32000000000001,1
18116.0,504.25,148
18118.0,2352.3,547
18119.0,181.12,1
18120.0,111.15,1
18121.0,649.85,1
18122.0,759.42,328
18123.0,323.47999999999996,1
18125.0,197.85,1
18126.0,206.82999999999998,1
18129.0,112.55000000000001,1
18130.0,442.26,303
18133.0,715.4999999999999,30
18135.0,558.26,273
18136.0,495.34000000000003,147
18142.0,1014.9,212
18144.0,1202.85,661
18146.0,76.65,1
18149.0,549.68,89
18150.0,153.3,1
18154.0,178.7,1
18156.0,206.23000000000002,1
18158.0,343.8,1
18159.0,530.15,1
18161.0,630.22,157
18164.0,394.7,181
18167.0,367.25,150
18168.0,440.7,596
18169.0,202.65,1
18170.0,629.01,5
18171.0,782.39,334
18172.0,3405.27,330
18173.0,853.48,1
18174.0,104.0,1
18177.0,627.77,96
18178.0,1590.81,174
18179.0,545.8,178
18180.0,940.75,211
18183.0,305.90000000000003,150
18185.0,304.25,1
18193.0,-30.8,481
18194.0,-77.84,1
18196.0,238.35,1
18198.0,2158.18,190
18202.0,485.73,1
18203.0,160.42000000000002,1
18205.0,291.6,1
18209.0,139.10000000000002,1
18210.0,499.27000000000004,59
18211.0,137.9,1
18215.0,299.34000000000003,1
18216.0,481.75,1
18217.0,303.85,1
18218.0,662.08,277
18219.0,630.1800000000001,450
18220.0,-7.5,1
18221.0,708.81,177
18222.0,443.0,1
18223.0,1431.07,244
18225.0,767.3000000000001,477
18226.0,2235.23,324
18227.0,93.75,1
18229.0,2397.7400000000002,696
18230.0,1691.17,394
18232.0,119.14,61
18235.0,749.8,156
18236.0,626.49,244
18237.0,663.72,211
18239.0,904.8100000000001,446
18241.0,900.73,304
18242.0,314.26,1
18245.0,1336.13,295
18248.0,804.02,93
18250.0,342.92,273
18255.0,103.3,1
18257.0,510.53000000000003,177
18259.0,376.30000000000007,1
18260.0,557.07,1
18261.0,224.8,1
18263.0,811.4,183
18265.0,488.55,1
18269.0,168.6,1
18270.0,171.20000000000002,1
18272.0,1747.56,156
18273.0,153.0,64
18274.0,175.92,1
18277.0,110.38,1
18280.0,180.60000000000002,1
18281.0,80.82,1
18282.0,176.6,208
18283.0,565.65,155
18287.0,1001.3199999999999,1
